Name,Category,Colour Scheme,Font ,Gender in Photos,Gender in Photos Ratio (M:F),Language (M or F First),Overall Prediction,Notes,URL,Date
greats,A321 Sneakers,neutral,not female,neutral,1:00,M,M,"THROUGHOUT: did not count children, or same people that appeared twice in same picture/clothes. Only counted upper body and/or face, ignored just legs and below. If website had no pictures, ignored. Language inferred from branding in google search (men's brand, women's brand, etc.)",https://www.greats.com/,18-Nov-19
gill,A141 Sportswear & Athleticwear,male,not female,male,4:01,M,M,,https://www.gillmarine.com/us/,18-Nov-19
rampage,A311 Womens Shoes & Boots,female,female,female,0:06,F,F,"name is a noun -> conflicting, plus only sell women's clothing",https://www.rampage.com/,18-Nov-19
reebok,A141 Sportswear & Athleticwear,slight male,slight female,slight female,4:05,F,F,female-focused advertisements,https://www.reebok.com/us,18-Nov-19
adidas,A141 Sportswear & Athleticwear,male,not female,female,5:05,M,M,men first on navigation menu,https://www.adidas.com/us,18-Nov-19
vans,A141 Sportswear & Athleticwear,neutral,not female,neutral,1:01,M,M,"most pictures not fullbody, only counted those + not in gallery (if inlcuded, 8:8)",https://www.vans.com/shop.html,18-Nov-19
roka,A141 Sportswear & Athleticwear,neutral,male,neutral,4:01,M,M,heavily tailored towards active people,https://www.roka.com/,18-Nov-19
lululemon,A141 Sportswear & Athleticwear,neutral,neutral,female,3:06,F,F,#NAME?,https://shop.lululemon.com/,18-Nov-19
quiksilver,A141 Sportswear & Athleticwear,neutral,not female,male,9:01,M,M,,https://www.quiksilver.com/?geopopup=false,18-Nov-19
blundstone,A311 Womens Shoes & Boots,neutral,neutral,neutral,3:03,F,F,,https://www.blundstone.com/,18-Nov-19
gucci,A311 Womens Shoes & Boots,neutral,neutral,female,5:06,F,F,,https://www.gucci.com/us/en/,18-Nov-19
skechers,A311 Womens Shoes & Boots,neutral,neutral,female,2:03,F,F,,https://www.skechers.com/en-us/,18-Nov-19
chubbies,A141 Sportswear & Athleticwear,,,,12:00,M,M,,https://www.chubbiesshorts.com/,7-Jan-20
sandro,A141 Sportswear & Athleticwear,,,,2:01,F,F,"supplementary search showed for women, weighed language more heavily",https://us.sandro-paris.com/,7-Jan-20
lee,A141 Sportswear & Athleticwear,,,,4:05,F,F,,https://www.lee.com/,7-Jan-20
wrangler,A141 Sportswear & Athleticwear,,,,4:04,M,M,"Rotating photo gallery, only used static images",https://www.wrangler.com/,7-Jan-20
gabba,A141 Sportswear & Athleticwear,,,,11:00,M,M,No mention of females,https://www.gabba-denim.com/,7-Jan-20
blair,A141 Sportswear & Athleticwear,,,,3:07,F,F,,https://www.blair.com/#,7-Jan-20
zoot,A141 Sportswear & Athleticwear,,,,2:01,M,M,,https://zootsports.com/,7-Jan-20
dainese,A141 Sportswear & Athleticwear,,,,2:01,M,M,"Only clear pictures were noted, rest were in clothing. Male/female found from hovering over shop",https://www.dainese.com/us/en/home/,7-Jan-20
kerusso,A141 Sportswear & Athleticwear,,,,4:05,F,F,ignored instagram,https://www.kerusso.com/,7-Jan-20
puma,A141 Sportswear & Athleticwear,,,,1:00,F,F,weighed language more heavily,https://ca.puma.com/en_CA/home?locale=en_CA&mktID=PL:Brand%20Marketing:Puma.com-CatchAllPage:Canada-en&plinkID=Brand,7-Jan-20
filson,A141 Sportswear & Athleticwear,,,,2:02,M,M,,https://www.filson.com/,7-Jan-20
assos,A141 Sportswear & Athleticwear,,,,3:01,M,M,,https://www.assos.com/,7-Jan-20
garneau,A141 Sportswear & Athleticwear,,,,4:03,M,M,,https://garneau.com/us_en/,7-Jan-20
izod,A141 Sportswear & Athleticwear,,,,9:03,M,M,,https://izod.partnerbrands.com/en,7-Jan-20
dockers,A141 Sportswear & Athleticwear,,,,6:00,M,M,,https://www.dockers.com/US/en_US/,7-Jan-20
isadore,A141 Sportswear & Athleticwear,,,,1:01,M,M,,https://isadore.com/,7-Jan-20
speedo,A141 Sportswear & Athleticwear,,,,3:12,F,F,,https://www.speedo.com/,7-Jan-20
boathouse,A141 Sportswear & Athleticwear,,,,12:23,M,F,,https://boathousestores.com/,7-Jan-20
patagonia,A141 Sportswear & Athleticwear,,,,2:01,M,M,"used rotating images (only 4), and used shop for male v female",https://www.patagonia.ca/home/,7-Jan-20
billabong,A141 Sportswear & Athleticwear,,,,1:01,M,M,,https://www.billabong.com/en-ca,7-Jan-20
columbia,A141 Sportswear & Athleticwear,,,,3:06,M,F,,https://www.columbiasportswear.ca/,7-Jan-20
fila,A141 Sportswear & Athleticwear,,,,4:04,M,M,,https://www.fila.com/us,7-Jan-20
bonobos,A141 Sportswear & Athleticwear,,,,7:00,M,M,brand for males,https://bonobos.com/,7-Jan-20
athleta,A141 Sportswear & Athleticwear,,,,0:06,F,F,brand for females,https://athleta.gap.com/,7-Jan-20
valentino,A141 Sportswear & Athleticwear,,,,1:04,F,F,,https://www.valentino.com/en-us,7-Jan-20
lacoste,A141 Sportswear & Athleticwear,,,,5:01,M,M,,https://www.lacoste.com/ca/en/,7-Jan-20
dolfin,A141 Sportswear & Athleticwear,,,,3:04,F,F,,https://www.dolfinswimwear.com/,7-Jan-20
converse,A141 Sportswear & Athleticwear,,,,1:01,F,F,,https://www.converse.ca/,7-Jan-20
versace,A141 Sportswear & Athleticwear,,,,3:05,F,F,,https://www.versace.com/,7-Jan-20
nautica,A141 Sportswear & Athleticwear,,,,2:02,M,M,,https://www.nautica.com/,7-Jan-20
asics,A141 Sportswear & Athleticwear,,,,3:03,M,M,,https://www.asics.com/us/en-us/,7-Jan-20
prada,A141 Sportswear & Athleticwear,,,,1:02,F,F,,https://www.prada.com/ca/en.html,7-Jan-20
dkny,A141 Sportswear & Athleticwear,,,,1:03,F,F,,https://www.donnakaran.com/category/dkny.do,7-Jan-20
venus,A141 Sportswear & Athleticwear,,,,0:06,F,F,brand for females,https://www.venus.com/,7-Jan-20
roxy,A141 Sportswear & Athleticwear,,,,0:09,F,F,brand for females,https://www.roxy.com/en-ca,7-Jan-20
aldo,A311 Womens Shoes & Boots,,,,0:01,F,F,,https://www.aldoshoes.com/ca/en,7-Jan-20
latigo,A311 Womens Shoes & Boots,,,,0:04,F,F,brand for females,http://www.latigoshoes.com/,8-Jan-20
crocs,A311 Womens Shoes & Boots,,,,1:06,F,F,,https://www.crocs.ca/,8-Jan-20
chaco,A311 Womens Shoes & Boots,,,,0:01,F,F,,https://www.chacos.com/US/en/home,8-Jan-20
olukai,A311 Womens Shoes & Boots,,,,5:03,M,M,,https://olukai.ca/,8-Jan-20
boden,A311 Womens Shoes & Boots,,,,1:05,F,F,,https://www.boden.co.uk/,8-Jan-20
balmain,A311 Womens Shoes & Boots,,,,3:09,F,F,,https://www.balmain.com/ca,8-Jan-20
bearpaw,A311 Womens Shoes & Boots,,,,0:01,F,F,,https://www.bearpawshoes.ca/,9-Jan-20
tods,A311 Womens Shoes & Boots,,,,1:01,F,F,,https://www.tods.com/ww-en/home.html,9-Jan-20
birkenstock,A311 Womens Shoes & Boots,,,,1:00,F,M,"nav bar had women first, but second area had men before women",https://www.birkenstock.com/us,9-Jan-20
havaianas,A311 Womens Shoes & Boots,,,,2:02,F,F,,https://us.havaianas.com/,9-Jan-20
fitflop,A311 Womens Shoes & Boots,,,,0:01,F,F,,https://www.fitflop.com/ca/en/,9-Jan-20
dior,A311 Womens Shoes & Boots,,,,9:10,F,F,,https://www.dior.com/en_int,9-Jan-20
naturalizer,A311 Womens Shoes & Boots,,,,0:01,F,F,brand for females,https://www.naturalizer.ca/,9-Jan-20
dansko,A311 Womens Shoes & Boots,,,,1:04,F,F,,https://www.dansko.com/,9-Jan-20
fuchsia,A311 Womens Shoes & Boots,,,,0:02,F,F,brand for females,https://fuchsiashoes.com/,9-Jan-20
chloe,A311 Womens Shoes & Boots,,,,0:07,F,F,brand for females,https://www.chloe.com/us,9-Jan-20
nike,A141 Sportswear & Athleticwear,,,,2:04,M,M,,https://www.nike.com/us,9-Jan-20
cougar,A311 Womens Shoes & Boots,,,,0:04,F,F,,https://www.cougarshoes.com/,9-Jan-20
levis,A141 Sportswear & Athleticwear,,,,7:06,M,M,admittedly some gender ambiguous people,https://www.levi.com/US/en_US/,9-Jan-20
keds,A311 Womens Shoes & Boots,,,,0:01,F,F,,https://www.keds.com/en/home,9-Jan-20
clarks,A311 Womens Shoes & Boots,,,,1:02,F,F,,https://www.clarkscanada.com/,9-Jan-20
hermes,A311 Womens Shoes & Boots,,,,3:04,F,F,,https://www.hermes.com/us/en/,9-Jan-20
lalo,A321 Sneakers,,,,3:02,M,M,,https://lalo.com/,9-Jan-20
mephisto,A321 Sneakers,,,,1:02,F,F,,https://www.mephisto.com/,9-Jan-20
altra,A321 Sneakers,,,,0:03,F,F,,https://www.altrarunning.com/,9-Jan-20
saucony,A141 Sportswear & Athleticwear,,,,2:01,M,M,,https://www.saucony.com/en/home,9-Jan-20
vasque,A321 Sneakers,,,,1:00,M,M,,https://www.vasque.com/,9-Jan-20
merrell,A321 Sneakers,,,,1:07,F,F,,https://www.merrell.com/US/en/home,9-Jan-20
ellesse,A321 Sneakers,,,,5:06,M,F,,https://ellesse.com/uk/en,9-Jan-20
nfinity,A321 Sneakers,,,,0:07,F,F,,https://www.nfinity.com/,9-Jan-20
ryka,A321 Sneakers,,,,0:04,F,F,brand for females,https://www.ryka.com/,9-Jan-20
ecco,A321 Sneakers,,,,5:04,F,F,,https://ca.ecco.com/en,9-Jan-20
cenzo,A411 Handbags,,,,2:00,,,,https://cenzobags.com/,
spartina,A411 Handbags,,,,0:09,,,,http://www.spartina449.com/,
mcm,A411 Handbags,,,,2:01,,,,https://us.mcmworldwide.com/en_US/home,
hobo,A411 Handbags,,,,0:03,,,,https://www.hobobags.com/,
frye,A411 Handbags,,,,1:02,,,,https://www.thefryecompany.com/,
mango,A411 Handbags,,,,1:13,,,,https://shop.mango.com/us,
brahmin,A411 Handbags,,,,0:03,,,,https://www.brahmin.com/home,
loewe,A411 Handbags,,,,3:05,,,,https://www.loewe.com/usa/en/home,
etro,A411 Handbags,,,,4:04,,,,https://www.etro.com/us-en/,
bandolier,A411 Handbags,,,,2:05,,,,https://www.bandolierstyle.com/,
longchamp,A411 Handbags,,,,0:09,,,,https://www.longchamp.com/us/en/,
fendi,A411 Handbags,,,,2:04,,,,https://www.fendi.com/us/,
moschino,A411 Handbags,,,,2:00,,,,https://www.moschino.com/us_en/moschino.html,
akris,A411 Handbags,,,,0:15,,,,https://us.akris.com/,
burberry,A411 Handbags,,,,11:11,,,,https://us.burberry.com/?locale=en_US,
samara,A411 Handbags,,,,0:05,,,,https://samarabags.com/,
lanvin,A411 Handbags,,,,4:05,,,,https://www.lanvin.com/us/,
givenchy,A411 Handbags,,,,1:02,,,,https://www.givenchy.com/us/en-US/homepage,
maxmara,A411 Handbags,,,,0:05,,,,https://us.maxmara.com/,
botkier,A411 Handbags,,,,0:01,,,,https://www.botkier.com/,
chanel,A411 Handbags,,,,0:07,,,,https://www.chanel.com/us/,
tiffany,A411 Handbags,,,,0:04,,,,https://www.tiffany.com/,
shadetree,A430 Sunglasses,,,,2:01,,,,https://shadetreeglasses.com/,
revo,A430 Sunglasses,,,,2:04,,,`,https://www.revo.com/,
costa,A430 Sunglasses,,,,4:04,,,,https://www.costadelmar.com/us/en/sunglasses,
gatorz,A430 Sunglasses,,,,5:00,,,,https://www.gatorz.com/,
oakley,A430 Sunglasses,,,,13:00,,,,https://www.oakley.com/en-us,
serengeti,A430 Sunglasses,,,,5:05,,,,https://www.serengeti-eyewear.com/en-ca/,
kaenon,A430 Sunglasses,,,,2:01,,,,https://kaenon.com/,
zeal,A430 Sunglasses,,,,4:02,,,,https://www.zealoptics.com/US/en_US?clear=true,
cartier,A430 Sunglasses,,,,0:02,,,,https://www.cartier.com/,
ess,A430 Sunglasses,,,,3:00,,,,https://www.esseyepro.com/,
voca,A430 Sunglasses,,,,1:01,,,,https://vocaeyewear.com/our-story/,
vogue,A430 Sunglasses,,,,1:02,,,,https://www.vogue-eyewear.com/us,
prosper,B111 Credit Cards,,,,1:00,,,,https://www.prosper.com/,
netspend,B111 Credit Cards,,,,1:02,,,,https://www.netspend.com/,
mastercard,B111 Credit Cards,,,,1:05,,,,https://www.mastercard.us/en-us.html,
citigroup,B111 Credit Cards,,,,1:00,,,,https://www.citigroup.com/citi/,
brinks,B111 Credit Cards,,,,1:00,,,,https://us.brinks.com/,
barclaycard,B111 Credit Cards,,,,1:03,,,,https://cards.barclaycardus.com/,
itau,B111 Credit Cards,,,,1:01,,,,https://www.itau.com/,
jcb,B111 Credit Cards,,,,1:04,,,,https://www.global.jcb/en/,
fuelman,B111 Credit Cards,,,,1:00,,,,https://www.fuelman.com/en/,
scotiabank,B111 Credit Cards,,,,0:03,,,,https://www.scotiabank.com/ca/en/personal.html,
macerich,B111 Credit Cards,,,,4:15,,,,https://www.macerich.com/,
vanguard,B122 Investment Products & Services (Excluding Retirement),,,,3:02,,,,https://investor.vanguard.com/corporate-portal/,
nationwide,B122 Investment Products & Services (Excluding Retirement),,,,5:04,,,,https://www.nationwide.com/,
liquidnet,B122 Investment Products & Services (Excluding Retirement),,,,7:02,,,,https://www.liquidnet.com/,
nadex,B122 Investment Products & Services (Excluding Retirement),,,,1:00,,,,https://www.nadex.com/,
awin,"B651 Advertising, Marketing & Printing Svcs",,,,4:04,,,,https://www.awin.com/us,
synacor,"B651 Advertising, Marketing & Printing Svcs",,,,1:01,,,,https://synacor.com/,
simulmedia,"B651 Advertising, Marketing & Printing Svcs",,,,1:01,,,,https://www.simulmedia.com/,
teknion,B721 Office Furniture & Accessories,,,,2:00,,,,https://www.teknion.com/,
merlin,B913 Employment Agencies,,,,0:01,,,,https://merlinjobs.com/,
tmc,B913 Employment Agencies,,,,1:00,,,,https://tmc-employeneurship.com/careers,
roc,"D119 Skin Care Products, General Promotion/Multi-Category/Corporate/Sponsorship",,,,0:02,,,,https://www.rocskincare.com/,
dermacare,"D119 Skin Care Products, General Promotion/Multi-Category/Corporate/Sponsorship",,,,0:06,,,,https://www.dermacare.com/,
garnier,"D119 Skin Care Products, General Promotion/Multi-Category/Corporate/Sponsorship",,,,0:05,,,,https://www.garnierusa.com/,
vaseline,"D119 Skin Care Products, General Promotion/Multi-Category/Corporate/Sponsorship",,,,0:01,,,,https://www.vaseline.com/ca/en,
gojo,"D119 Skin Care Products, General Promotion/Multi-Category/Corporate/Sponsorship",,,,4:05,,,,https://www.gojo.com/en/,
chamonix,"D119 Skin Care Products, General Promotion/Multi-Category/Corporate/Sponsorship",,,,0:08,,,,https://www.betterskintoday.com/,
palmers,"D119 Skin Care Products, General Promotion/Multi-Category/Corporate/Sponsorship",,,,0:03,,,,https://ca.palmers.com/,
jergens,"D119 Skin Care Products, General Promotion/Multi-Category/Corporate/Sponsorship",,,,0:01,,,,https://www.jergens.com/en-ca/,
elemis,"D119 Skin Care Products, General Promotion/Multi-Category/Corporate/Sponsorship",,,,1:12,,,,https://www.elemis.com/us/?redirect=yes,
ponds,"D119 Skin Care Products, General Promotion/Multi-Category/Corporate/Sponsorship",,,,0:03,,,,https://www.ponds.com/us/en/home.html,
neostrata,"D119 Skin Care Products, General Promotion/Multi-Category/Corporate/Sponsorship",,,,0:02,,,,https://www.neostrata.com/,
tula,"D119 Skin Care Products, General Promotion/Multi-Category/Corporate/Sponsorship",,,,0:01,,,,https://www.tula.com/,
mederma,"D119 Skin Care Products, General Promotion/Multi-Category/Corporate/Sponsorship",,,,0:02,,,,https://www.mederma.com/,
biore,"D119 Skin Care Products, General Promotion/Multi-Category/Corporate/Sponsorship",,,,0:04,,,,https://www.biore.com/en-us/,
caudalie,"D119 Skin Care Products, General Promotion/Multi-Category/Corporate/Sponsorship",,,,0:04,,,,https://us.caudalie.com/,
aveeno,"D119 Skin Care Products, General Promotion/Multi-Category/Corporate/Sponsorship",,,,0:09,,,,https://www.aveeno.com/,
skinceuticals,"D119 Skin Care Products, General Promotion/Multi-Category/Corporate/Sponsorship",,,,0:03,,,,https://www.skinceuticals.ca/,
weleda,"D119 Skin Care Products, General Promotion/Multi-Category/Corporate/Sponsorship",,,,0:04,,,,https://www.weleda.com/,
naturopathica,"D119 Skin Care Products, General Promotion/Multi-Category/Corporate/Sponsorship",,,,0:01,,,,https://www.naturopathica.com/,
neutrogena,"D119 Skin Care Products, General Promotion/Multi-Category/Corporate/Sponsorship",,,,0:03,,,,https://www.neutrogena.com/,
clinique,"D119 Skin Care Products, General Promotion/Multi-Category/Corporate/Sponsorship",,,,0:06,,,,https://www.clinique.com/,
clarins,"D119 Skin Care Products, General Promotion/Multi-Category/Corporate/Sponsorship",,,,0:03,,,,https://www.clarinsusa.com/on/demandware.store/Sites-clarinsus-Site/en_US,
eucerin,"D119 Skin Care Products, General Promotion/Multi-Category/Corporate/Sponsorship",,,,0:03,,,,https://www.eucerinus.com/,
dermalogica,"D119 Skin Care Products, General Promotion/Multi-Category/Corporate/Sponsorship",,,,0:08,,,,https://www.dermalogica.ca/on/demandware.store/Sites-dermalogica-ca-Site/en_CA/Home-Show,
shiseido,"D119 Skin Care Products, General Promotion/Multi-Category/Corporate/Sponsorship",,,,0:03,,,,https://www.shiseido.com/ca/en/,
elf,"D119 Skin Care Products, General Promotion/Multi-Category/Corporate/Sponsorship",,,,0:01,,,,https://www.elfcosmetics.com/,
glossier,"D149 Face Makeup, General Promotion/Multi-Category/Corporate/Sponsorship",,,,0:02,,,,https://www.glossier.com/,
dermablend,"D149 Face Makeup, General Promotion/Multi-Category/Corporate/Sponsorship",,,,0:05,,,,https://www.dermablend.com/,
australis,"D181 Women's Scents, Fragrances, Perfumes",,,,0:14,,,,https://www.australiscosmetics.com.au/,
boucheron,"D181 Women's Scents, Fragrances, Perfumes",,,,0:04,,,,https://www.boucheron.com/en/,
rembrandt,D211 Toothpaste & Whiteners,,,,3:03,,,,https://www.rembrandt.com/,
pola,D211 Toothpaste & Whiteners,,,,1:03,,,,https://polawhite.com.au/en-US/,
colgate,D211 Toothpaste & Whiteners,,,,0:02,,,,https://www.colgate.com/en-ca,
polident,D211 Toothpaste & Whiteners,,,,0:04,,,,https://www.mydenturecare.com/en-us/,
orajel,D211 Toothpaste & Whiteners,,,,2:02,,,,https://www.orajel.com/en,
crest,D211 Toothpaste & Whiteners,,,,3:02,,,,https://crest.com/en-us,
remington,D259 Womens Shaving Supplies General Promotion,,,,5:13,,,,http://www.remingtonproducts.com/,
cremo,D439 Mens Shaving Equipment & Supplies General Promotion,,,,4:00,,,,https://cremocompany.com/,
gillette,D439 Mens Shaving Equipment & Supplies General Promotion,,,,4:00,,,,https://gillette.ca/en-ca,
braun,D439 Mens Shaving Equipment & Supplies General Promotion,,,,5:02,,,,https://us.braun.com/en-us,
harrys,D439 Mens Shaving Equipment & Supplies General Promotion,,,,2:00,,,,https://www.harrys.com/en/ca,
barbasol,D439 Mens Shaving Equipment & Supplies General Promotion,,,,1:00,,,,https://barbasol.com/,
bevel,D439 Mens Shaving Equipment & Supplies General Promotion,,,,7:00,,,,https://getbevel.com/,
aleve,D511 Pain Remedies,,,,2:03,,,,https://www.aleve.com/,
tylenol,D511 Pain Remedies,,,,4:02,,,,https://www.tylenol.com/,
advil,D511 Pain Remedies,,,,2:02,,,,https://www.advil.com/,
bc,D511 Pain Remedies,,,,3:04,,,,https://www.bcpowder.com/,
excedrin,D511 Pain Remedies,,,,1:01,,,,https://www.excedrin.com/,
motrin,D511 Pain Remedies,,,,0:02,,,,https://www.motrin.com/,
biofreeze,D511 Pain Remedies,,,,2:03,,,,https://www.biofreeze.com/,
anacin,D511 Pain Remedies,,,,1:02,,,,https://www.anacin.com/,
goodys,D511 Pain Remedies,,,,5:03,,,,https://www.goodyspowder.com/,
pfizer,"D529 Cold, Cough, Sinus & Asthma Remdies:Comb & NEC",,,,4:03,,,,https://www.pfizer.com/,
vicks,"D529 Cold, Cough, Sinus & Asthma Remdies:Comb & NEC",,,,1:01,,,,https://vicks.com/en-us,
robitussin,"D529 Cold, Cough, Sinus & Asthma Remdies:Comb & NEC",,,,2:05,,,,https://www.robitussin.com/,
gatorade,D543 Nutritional Supplements,,,,2:00,,,,https://www.gatorade.com/,
scitec,D543 Nutritional Supplements,,,,6:04,,,,https://www.scitecnutrition.com/en,
kion,D543 Nutritional Supplements,,,,3:01,,,,https://getkion.com/,
ascent,D543 Nutritional Supplements,,,,4:00,,,,https://www.ascentprotein.com/,
atkins,D543 Nutritional Supplements,,,,5:03,,,,https://www.atkins.com/?bypassgeoip=1,
weider,D543 Nutritional Supplements,,,,0:02,,,,https://www.weider.com/,
epicor,D543 Nutritional Supplements,,,,3:02,,,,https://www.epicorimmune.com/,
mhp,D543 Nutritional Supplements,,,,1:00,,,,https://mhpstrong.com/,
probiogen,D543 Nutritional Supplements,,,,3:04,,,,https://probiogen.com/,
biocell,D543 Nutritional Supplements,,,,0:02,,,,https://www.biocelltechnology.com/,
limitless,D543 Nutritional Supplements,,,,2:00,,,,https://limitlessnutritioninc.com/,
evogen,D543 Nutritional Supplements,,,,5:01,,,,https://www.evogennutrition.com/,
pritikin,D543 Nutritional Supplements,,,,6:08,,,,https://www.pritikin.com/,
staunch,D543 Nutritional Supplements,,,,1:00,,,,https://staunchnation.com/,
gnc,D543 Nutritional Supplements,,,,3:02,,,,https://www.gnc.com/,
soylent,D543 Nutritional Supplements,,,,2:01,,,,https://soylent.com/,
prinova,D543 Nutritional Supplements,,,,4:06,,,,https://www.prinovausa.com/,
musclepharm,D543 Nutritional Supplements,,,,4:02,,,,https://musclepharm.com/,
hylands,D543 Nutritional Supplements,,,,2:03,,,,https://www.hylands.com/,
align,D543 Nutritional Supplements,,,,3:03,,,,https://www.alignprobiotics.com/en-us,
amway,D543 Nutritional Supplements,,,,0:02,,,,https://www.amway.com/,
juven,D543 Nutritional Supplements,,,,2:03,,,,https://juven.com/,
muscletech,D543 Nutritional Supplements,,,,1:01,,,,https://www.muscletech.ca/,
performax,D543 Nutritional Supplements,,,,2:02,,,,https://performaxlabs.com/,
neocell,D543 Nutritional Supplements,,,,0:06,,,,https://www.neocell.com/,
dymatize,D543 Nutritional Supplements,,,,3:03,,,,https://www.dymatize.com/ca/,
mri,D543 Nutritional Supplements,,,,6:00,,,,https://mri-performance.com/,
florastor,D543 Nutritional Supplements,,,,1:06,,,,https://florastor.com/,
nutrex,D543 Nutritional Supplements,,,,8:02,,,,https://www.nutrex.com/,
iwi,D543 Nutritional Supplements,,,,1:03,,,,https://iwilife.com/,
usana,D543 Nutritional Supplements,,,,0:02,,,,https://www.usana.com/ux/dotcom/#!/enu-US/home,
ignite,D543 Nutritional Supplements,,,,7:03,,,,https://ignitenutrition.com/,
reaal,D543 Nutritional Supplements,,,,3:02,,,,https://reaal.tlcchealth.com/,
flyte,D543 Nutritional Supplements,,,,7:07,,,,https://flytesport.com/,
immunocal,D543 Nutritional Supplements,,,,4:04,,,,https://www.immunotec.com/,
berocca,D543 Nutritional Supplements,,,,5:02,,,,https://www.buyberocca.com/en/home/,
prevagen,D543 Nutritional Supplements,,,,4:05,,,,https://www.prevagen.com/,
cocoavia,D543 Nutritional Supplements,,,,0:01,,,,https://www.cocoavia.com/,
natrol,D543 Nutritional Supplements,,,,3:08,,,,https://www.natrol.com/,
esi,D543 Nutritional Supplements,,,,0:03,,,,https://www.esi-nutrition.com/en/,
glucerna,D543 Nutritional Supplements,,,,1:00,,,,https://glucerna.com/,
hims,D543 Nutritional Supplements,,,,6:00,,,,https://www.forhims.com/,
enu,D543 Nutritional Supplements,,,,7:06,,,,https://www.enu-nutrition.com/,
percepta,D543 Nutritional Supplements,,,,3:04,,,,http://www.percepta.com/,
enfagrow,D543 Nutritional Supplements,,,,0:07,,,,https://www.enfamil.ca/,
isagenix,D543 Nutritional Supplements,,,,2:03,,,,https://www.isagenix.com/en-us/,
hellolife,D543 Nutritional Supplements,,,,4:10,,,,https://www.hellolife.net/,
culturelle,D543 Nutritional Supplements,,,,6:07,,,,https://www.culturelle.com/,
estroven,D543 Nutritional Supplements,,,,0:09,,,,https://www.estroven.com/,
splenda,F113 Artificial Sweeteners,,,,3:03,,,,https://www.splenda.com/,
nutella,F280 Peanut Butter & Sandwich Spreads,,,,1:01,,,,https://www.nutella.com/us/en/,
smuckers,F280 Peanut Butter & Sandwich Spreads,,,,1:00,,,,https://www.smuckers.com/,
maranatha,F280 Peanut Butter & Sandwich Spreads,,,,1:01,,,,http://www.maranathafoods.com/,
deans,"F313 Ice Cream, Frozen Novelties & Sherbet",,,,2:01,,,,http://www.deanfoods.com/,
kemps,"F313 Ice Cream, Frozen Novelties & Sherbet",,,,2:02,,,,https://kemps.com/,
holanda,"F313 Ice Cream, Frozen Novelties & Sherbet",,,,0:02,,,,https://www.heladosholanda.com.mx/home.html,
lactaid,"F313 Ice Cream, Frozen Novelties & Sherbet",,,,1:01,,,,https://www.lactaid.com/,
hudsonville,"F313 Ice Cream, Frozen Novelties & Sherbet",,,,1:01,,,,https://www.hudsonvilleicecream.com/,
coolhaus,"F313 Ice Cream, Frozen Novelties & Sherbet",,,,0:02,,,,https://cool.haus/,
abbotts,"F313 Ice Cream, Frozen Novelties & Sherbet",,,,6:05,,,,https://www.abbottscustard.com/,
loacker,F343 Cookies & Crackers,,,,4:05,,,,https://www.loackerusa.com/en/,
biscoff,F343 Cookies & Crackers,,,,2:01,,,,https://www.lotusbiscoff.com/en-us,
crunchmaster,F343 Cookies & Crackers,,,,0:01,,,,https://crunchmaster.com/,
mcdonalds,F411 Coffee,,,,2:02,,,,https://www.mcdonalds.com/us/en-us.html,
nespresso,F411 Coffee,,,,2:01,,,,https://www.nespresso.com/us/,
nescafe,F411 Coffee,,,,2:00,,,,https://www.nescafe.com/,
tostitos,"F539 Chips, Nuts, Popcorn & Pretzels General Promotion",,,,3:03,,,,https://www.tostitos.com/,
shearers,"F539 Chips, Nuts, Popcorn & Pretzels General Promotion",,,,1:00,,,,https://www.shearers.com/,
pringles,"F539 Chips, Nuts, Popcorn & Pretzels General Promotion",,,,8:05,,,,https://www.popcorners.com/,
landshark,F611 Regular Beer & Ale,,,,2:01,,,,https://www.landsharklager.com/,
miller,F611 Regular Beer & Ale,,,,3:01,,,,https://www.millerlite.com/,
heineken,F611 Regular Beer & Ale,,,,2:02,,,,https://www.heineken.com/us,
steinlager,F611 Regular Beer & Ale,,,,3:00,,,,https://steinlager.com/,
carlsberg,F611 Regular Beer & Ale,,,,3:01,,,,https://www.carlsberg.com/en/,
amstel,F611 Regular Beer & Ale,,,,3:00,,,,https://www.amstel.com/,
rogue,F611 Regular Beer & Ale,,,,4:01,,,,https://www.rogue.com/,
tecate,F611 Regular Beer & Ale,,,,3:01,,,,https://tecatebeerusa.com/,
labatt,F611 Regular Beer & Ale,,,,2:02,,,,http://www.labatt.com/,
sol,F611 Regular Beer & Ale,,,,6:05,,,,https://www.sol.com/ca/en/homepage,
busch,F611 Regular Beer & Ale,,,,2:00,,,,https://www.busch.com/,
sapporo,F611 Regular Beer & Ale,,,,1:00,,,,https://sapporobeer.com/,
brooklyn,F611 Regular Beer & Ale,,,,5:00,,,,https://brooklynbrewery.com/,
altstadt,F611 Regular Beer & Ale,,,,3:03,,,,https://www.altstadtbeer.com/,
chang,F611 Regular Beer & Ale,,,,13:00,,,,https://www.changbeer.com/?lang=en,
sunup,F611 Regular Beer & Ale,,,,1:01,,,,https://sunup.beer/,
widmer,F611 Regular Beer & Ale,,,,5:02,,,,https://www.widmerbrothers.com/,
pabst,F611 Regular Beer & Ale,,,,1:03,,,,https://pabstblueribbon.com/,
hoboken,F611 Regular Beer & Ale,,,,1:01,,,,https://hobokenbrewing.beer/,
schells,F611 Regular Beer & Ale,,,,2:00,,,,https://www.schellsbrewery.com/,
bruz,F611 Regular Beer & Ale,,,,2:00,,,,https://www.bruzbeers.com/,
teledyne,G141 Cameras (Excl Video),,,,0:01,,,,http://www.teledyne.com/,
flir,G141 Cameras (Excl Video),,,,2:01,,,,https://www.flir.ca/,
ricoh,G141 Cameras (Excl Video),,,,5:02,,,,https://www.ricoh-usa.com/,
fujifilm,G141 Cameras (Excl Video),,,,1:00,,,,https://www.fujifilm.ca/index.html,
nikon,G141 Cameras (Excl Video),,,,2:07,,,,https://www.nikon.com/,
sealife,G141 Cameras (Excl Video),,,,3:02,,,,https://www.sealife-cameras.com/,
polaroid,G141 Cameras (Excl Video),,,,1:01,,,,https://us.polaroid.com/,
hovercam,G141 Cameras (Excl Video),,,,1:02,,,,https://www.hovercam.com/,
olympus,G141 Cameras (Excl Video),,,,4:03,,,,https://www.getolympus.com/,
perkins,G323 Casual Dining Restaurants,,,,1:01,,,,https://www.perkinsrestaurants.com/,
bonefish,G323 Casual Dining Restaurants,,,,1:01,,,,https://www.bonefishgrill.com/,
fuddruckers,G323 Casual Dining Restaurants,,,,1:01,,,,https://www.fuddruckers.com/#,
benihana,G323 Casual Dining Restaurants,,,,5:03,,,,https://www.benihana.com/,
salata,G323 Casual Dining Restaurants,,,,1:01,,,,https://www.salata.com/,
pappas,G323 Casual Dining Restaurants,,,,0:01,,,,https://www.pappas.com/home/,
tucanos,G323 Casual Dining Restaurants,,,,0:01,,,,https://www.tucanos.com/,
hakkasan,G323 Casual Dining Restaurants,,,,3:07,,,,https://hakkasan.com/,
dennys,G323 Casual Dining Restaurants,,,,6:06,,,,https://www.dennys.com/,
sizzler,G323 Casual Dining Restaurants,,,,2:04,,,,https://www.sizzler.com/,
hooters,G323 Casual Dining Restaurants,,,,0:04,,,,https://www.hooters.com/,
abuelos,G323 Casual Dining Restaurants,,,,2:01,,,,https://www.abuelos.com/,
landrys,G323 Casual Dining Restaurants,,,,1:00,,,,https://www.landrysinc.com/default.asp#/page/1,
stuckeys,G323 Casual Dining Restaurants,,,,4:00,,,,https://stuckeys.com/,
sharis,G323 Casual Dining Restaurants,,,,2:01,,,,https://www.sharis.com/,
biggby,G324 Coffee & Donut Restaurants,,,,0:02,,,,https://www.biggby.com/,
caribou,G324 Coffee & Donut Restaurants,,,,5:00,,,,https://www.cariboucoffee.com/,
johnson,G411 Fishing Tackle & Equipment,,,,1:00,,,,https://www.johnsonfishing.com/,
daiwa,G411 Fishing Tackle & Equipment,,,,2:00,,,,https://www.daiwa.com/us/,
mustad,G411 Fishing Tackle & Equipment,,,,6:01,,,,https://mustad-fishing.com/,
halco,G411 Fishing Tackle & Equipment,,,,5:01,,,,https://www.halcotackle.com/,
acme,G411 Fishing Tackle & Equipment,,,,7:01,,,,https://www.acmetackle.com/,
rio,G411 Fishing Tackle & Equipment,,,,2:01,,,,https://www.rioproducts.com/,
ardent,G411 Fishing Tackle & Equipment,,,,8:00,,,,https://ardentoutdoors.com/,
shakespeare,G411 Fishing Tackle & Equipment,,,,1:00,,,,https://www.shakespeare-fishing.com/,
cabelas,G411 Fishing Tackle & Equipment,,,,4:03,,,,https://www.cabelas.ca/,
northland,G411 Fishing Tackle & Equipment,,,,8:00,,,,https://www.northlandtackle.com/,
penn,G411 Fishing Tackle & Equipment,,,,3:00,,,,https://www.pennfishing.com/,
cortland,G411 Fishing Tackle & Equipment,,,,8:00,,,,https://www.cortlandline.com/,
mystic,G411 Fishing Tackle & Equipment,,,,1:01,,,,https://www.mysticoutdoors.com/,
gerber,G411 Fishing Tackle & Equipment,,,,4:00,,,,https://www.gerbergear.com/en-us,
berkley,G411 Fishing Tackle & Equipment,,,,2:00,,,,https://www.berkley-fishing.com/,
rainshadow,G411 Fishing Tackle & Equipment,,,,5:01,,,,https://www.rainshadowrodblanks.com/,
smith,"G451 Snow Skis, Boards, Blades & Accessories",,,,3:02,,,,https://www.smithoptics.com/us/,
burton,"G451 Snow Skis, Boards, Blades & Accessories",,,,4:05,,,,https://www.burton.com/us/en/home,
northwave,"G451 Snow Skis, Boards, Blades & Accessories",,,,1:00,,,,https://www.northwave.com/,
poc,"G451 Snow Skis, Boards, Blades & Accessories",,,,2:00,,,,https://www.pocsports.com/us/home/,
nordica,"G451 Snow Skis, Boards, Blades & Accessories",,,,2:02,,,,https://www.nordica.com/usa/,
glade,"G451 Snow Skis, Boards, Blades & Accessories",,,,0:02,,,,https://www.shopglade.com/,
coleman,G499 Sporting Goods General Promotion,,,,,,,,,
rawlings,G499 Sporting Goods General Promotion,,,,,,,,,
newell,G499 Sporting Goods General Promotion,,,,,,,,,
obrien,G499 Sporting Goods General Promotion,,,,,,,,,
carlisle,G499 Sporting Goods General Promotion,,,,,,,,,
wincraft,G499 Sporting Goods General Promotion,,,,,,,,,
niterider,G499 Sporting Goods General Promotion,,,,,,,,,
goalpost,G499 Sporting Goods General Promotion,,,,,,,,,
giro,G499 Sporting Goods General Promotion,,,,,,,,,
polaris,G499 Sporting Goods General Promotion,,,,,,,,,
macpac,G499 Sporting Goods General Promotion,,,,,,,,,
fenwick,G499 Sporting Goods General Promotion,,,,,,,,,
simmons,G499 Sporting Goods General Promotion,,,,,,,,,
marmot,G499 Sporting Goods General Promotion,,,,,,,,,
mammut,G499 Sporting Goods General Promotion,,,,,,,,,
moser,G499 Sporting Goods General Promotion,,,,,,,,,
rei,G499 Sporting Goods General Promotion,,,,,,,,,
duotone,G499 Sporting Goods General Promotion,,,,,,,,,
afp,G499 Sporting Goods General Promotion,,,,,,,,,
mbs,G499 Sporting Goods General Promotion,,,,,,,,,
sears,G499 Sporting Goods General Promotion,,,,,,,,,
manitou,G499 Sporting Goods General Promotion,,,,,,,,,
manduka,G499 Sporting Goods General Promotion,,,,,,,,,
bushnell,G499 Sporting Goods General Promotion,,,,,,,,,
telltale,G511 Elec & Video Games & Sftwr (Excl PC&Net),,,,,,,,,
kontrolfreek,G511 Elec & Video Games & Sftwr (Excl PC&Net),,,,,,,,,
fanatec,G511 Elec & Video Games & Sftwr (Excl PC&Net),,,,,,,,,
corsair,G511 Elec & Video Games & Sftwr (Excl PC&Net),,,,,,,,,
xbox,G511 Elec & Video Games & Sftwr (Excl PC&Net),,,,,,,,,
microsoft,G511 Elec & Video Games & Sftwr (Excl PC&Net),,,,,,,,,
thrustmaster,G511 Elec & Video Games & Sftwr (Excl PC&Net),,,,,,,,,
slingo,G511 Elec & Video Games & Sftwr (Excl PC&Net),,,,,,,,,
furby,G511 Elec & Video Games & Sftwr (Excl PC&Net),,,,,,,,,
ubisoft,G511 Elec & Video Games & Sftwr (Excl PC&Net),,,,,,,,,
nintendo,G511 Elec & Video Games & Sftwr (Excl PC&Net),,,,,,,,,
capcom,G511 Elec & Video Games & Sftwr (Excl PC&Net),,,,,,,,,
plushies,G541 Stuffed Toys,,,,,,,,,
abound,G613 Cat & Dog Food Combination,,,,,,,,,
freshpet,G613 Cat & Dog Food Combination,,,,,,,,,
canidae,G613 Cat & Dog Food Combination,,,,,,,,,
purina,G613 Cat & Dog Food Combination,,,,,,,,,
husse,G613 Cat & Dog Food Combination,,,,,,,,,
halo,G613 Cat & Dog Food Combination,,,,,,,,,
koha,G613 Cat & Dog Food Combination,,,,,,,,,
addiction,G613 Cat & Dog Food Combination,,,,,,,,,
wellness,G613 Cat & Dog Food Combination,,,,,,,,,
nutrish,G613 Cat & Dog Food Combination,,,,,,,,,
gibson,"H111 Dinnerware, Glassware & Pottery",,,,,,,,,
stuart,"H111 Dinnerware, Glassware & Pottery",,,,,,,,,
baccarat,"H111 Dinnerware, Glassware & Pottery",,,,,,,,,
valletta,"H111 Dinnerware, Glassware & Pottery",,,,,,,,,
bugatti,"H111 Dinnerware, Glassware & Pottery",,,,,,,,,
imusa,"H111 Dinnerware, Glassware & Pottery",,,,,,,,,
stanza,"H111 Dinnerware, Glassware & Pottery",,,,,,,,,
vietri,"H111 Dinnerware, Glassware & Pottery",,,,,,,,,
vandor,"H111 Dinnerware, Glassware & Pottery",,,,,,,,,
riedel,"H111 Dinnerware, Glassware & Pottery",,,,,,,,,
precisioncraft,"H111 Dinnerware, Glassware & Pottery",,,,,,,,,
sango,"H111 Dinnerware, Glassware & Pottery",,,,,,,,,
lenox,"H111 Dinnerware, Glassware & Pottery",,,,,,,,,
steuben,"H111 Dinnerware, Glassware & Pottery",,,,,,,,,
libbey,"H111 Dinnerware, Glassware & Pottery",,,,,,,,,
oneida,"H111 Dinnerware, Glassware & Pottery",,,,,,,,,
fiesta,"H111 Dinnerware, Glassware & Pottery",,,,,,,,,
conserve,"H111 Dinnerware, Glassware & Pottery",,,,,,,,,
noritake,"H111 Dinnerware, Glassware & Pottery",,,,,,,,,
oxo,"H111 Dinnerware, Glassware & Pottery",,,,,,,,,
pfaltzgraff,"H111 Dinnerware, Glassware & Pottery",,,,,,,,,
mottahedeh,"H111 Dinnerware, Glassware & Pottery",,,,,,,,,
portmeirion,"H111 Dinnerware, Glassware & Pottery",,,,,,,,,
nachtmann,"H111 Dinnerware, Glassware & Pottery",,,,,,,,,
herend,"H111 Dinnerware, Glassware & Pottery",,,,,,,,,
mikasa,"H111 Dinnerware, Glassware & Pottery",,,,,,,,,
nambe,"H111 Dinnerware, Glassware & Pottery",,,,,,,,,
gaia,"H111 Dinnerware, Glassware & Pottery",,,,,,,,,
artland,"H111 Dinnerware, Glassware & Pottery",,,,,,,,,
miyako,"H111 Dinnerware, Glassware & Pottery",,,,,,,,,
corelle,"H111 Dinnerware, Glassware & Pottery",,,,,,,,,
bestar,H122 Mattresses & Box Springs,,,,,,,,,
tulo,H122 Mattresses & Box Springs,,,,,,,,,
dreamland,H122 Mattresses & Box Springs,,,,,,,,,
revived,H122 Mattresses & Box Springs,,,,,,,,,
casper,H122 Mattresses & Box Springs,,,,,,,,,
lectus,H122 Mattresses & Box Springs,,,,,,,,,
eight,H122 Mattresses & Box Springs,,,,,,,,,
englander,H122 Mattresses & Box Springs,,,,,,,,,
marpac,H122 Mattresses & Box Springs,,,,,,,,,
agility,H122 Mattresses & Box Springs,,,,,,,,,
america,H122 Mattresses & Box Springs,,,,,,,,,
verlo,H122 Mattresses & Box Springs,,,,,,,,,
tanda,H122 Mattresses & Box Springs,,,,,,,,,
lull,H122 Mattresses & Box Springs,,,,,,,,,
sealy,H122 Mattresses & Box Springs,,,,,,,,,
enso,H122 Mattresses & Box Springs,,,,,,,,,
kingsdown,H122 Mattresses & Box Springs,,,,,,,,,
talley,H122 Mattresses & Box Springs,,,,,,,,,
duxiana,H122 Mattresses & Box Springs,,,,,,,,,
reverie,H122 Mattresses & Box Springs,,,,,,,,,
luft,H122 Mattresses & Box Springs,,,,,,,,,
voila,H122 Mattresses & Box Springs,,,,,,,,,
aireloom,H122 Mattresses & Box Springs,,,,,,,,,
bassett,H122 Mattresses & Box Springs,,,,,,,,,
hastens,H122 Mattresses & Box Springs,,,,,,,,,
nectar,H122 Mattresses & Box Springs,,,,,,,,,
serta,H122 Mattresses & Box Springs,,,,,,,,,
eclipse,H122 Mattresses & Box Springs,,,,,,,,,
essentia,H122 Mattresses & Box Springs,,,,,,,,,
lucid,H122 Mattresses & Box Springs,,,,,,,,,
ortho,H122 Mattresses & Box Springs,,,,,,,,,
restonic,H122 Mattresses & Box Springs,,,,,,,,,
beautyrest,H122 Mattresses & Box Springs,,,,,,,,,
hyphen,H122 Mattresses & Box Springs,,,,,,,,,
luxi,H122 Mattresses & Box Springs,,,,,,,,,
magniflex,H122 Mattresses & Box Springs,,,,,,,,,
leesa,H122 Mattresses & Box Springs,,,,,,,,,
liddell,H142 Bedding & Linens,,,,,,,,,
vianney,H142 Bedding & Linens,,,,,,,,,
malouf,H142 Bedding & Linens,,,,,,,,,
sferra,H142 Bedding & Linens,,,,,,,,,
bergers,H142 Bedding & Linens,,,,,,,,,
igloo,H142 Bedding & Linens,,,,,,,,,
surya,H142 Bedding & Linens,,,,,,,,,
surefit,H142 Bedding & Linens,,,,,,,,,
aquis,H142 Bedding & Linens,,,,,,,,,
pinzon,H142 Bedding & Linens,,,,,,,,,
springs,H142 Bedding & Linens,,,,,,,,,
panacea,H142 Bedding & Linens,,,,,,,,,
cleanbrands,H142 Bedding & Linens,,,,,,,,,
talalay,H142 Bedding & Linens,,,,,,,,,
northwest,H142 Bedding & Linens,,,,,,,,,
jomar,H142 Bedding & Linens,,,,,,,,,
bassetti,H142 Bedding & Linens,,,,,,,,,
splashpad,H142 Bedding & Linens,,,,,,,,,
welspun,H142 Bedding & Linens,,,,,,,,,
encapsys,H142 Bedding & Linens,,,,,,,,,
parachute,H142 Bedding & Linens,,,,,,,,,
coolmax,H142 Bedding & Linens,,,,,,,,,
avanti,H142 Bedding & Linens,,,,,,,,,
downtown,H142 Bedding & Linens,,,,,,,,,
acteon,H142 Bedding & Linens,,,,,,,,,
croscill,H142 Bedding & Linens,,,,,,,,,
revman,H142 Bedding & Linens,,,,,,,,,
tablecloth,H142 Bedding & Linens,,,,,,,,,
coyuchi,H142 Bedding & Linens,,,,,,,,,
cuddledown,H142 Bedding & Linens,,,,,,,,,
boppy,H142 Bedding & Linens,,,,,,,,,
christy,H142 Bedding & Linens,,,,,,,,,
posh,H142 Bedding & Linens,,,,,,,,,
buffy,H142 Bedding & Linens,,,,,,,,,
steele,H213 Laundry Equipment,,,,,,,,,
lg,H213 Laundry Equipment,,,,,,,,,
samsung,H213 Laundry Equipment,,,,,,,,,
ge,H213 Laundry Equipment,,,,,,,,,
huebsch,H213 Laundry Equipment,,,,,,,,,
maytag,H213 Laundry Equipment,,,,,,,,,
kenmore,H213 Laundry Equipment,,,,,,,,,
whirlpool,H213 Laundry Equipment,,,,,,,,,
unimac,H213 Laundry Equipment,,,,,,,,,
milnor,H213 Laundry Equipment,,,,,,,,,
electrolux,H213 Laundry Equipment,,,,,,,,,
ryobi,H310 Household Batteries,,,,,,,,,
acdelco,H310 Household Batteries,,,,,,,,,
rayovac,H310 Household Batteries,,,,,,,,,
duracell,H310 Household Batteries,,,,,,,,,
saft,H310 Household Batteries,,,,,,,,,
energizer,H310 Household Batteries,,,,,,,,,
tenergy,H310 Household Batteries,,,,,,,,,
interstate,H310 Household Batteries,,,,,,,,,
apc,H310 Household Batteries,,,,,,,,,
reynolds,H339 Household Paper Products: Comb & NEC,,,,,,,,,
hefty,H339 Household Paper Products: Comb & NEC,,,,,,,,,
sunrise,H339 Household Paper Products: Comb & NEC,,,,,,,,,
brawny,H339 Household Paper Products: Comb & NEC,,,,,,,,,
bounty,H339 Household Paper Products: Comb & NEC,,,,,,,,,
cascades,H339 Household Paper Products: Comb & NEC,,,,,,,,,
plainwell,H339 Household Paper Products: Comb & NEC,,,,,,,,,
fiora,H339 Household Paper Products: Comb & NEC,,,,,,,,,
chinet,H339 Household Paper Products: Comb & NEC,,,,,,,,,
kleenex,H339 Household Paper Products: Comb & NEC,,,,,,,,,
axion,H413 Dishwashing Detergents,,,,,,,,,
salvo,H413 Dishwashing Detergents,,,,,,,,,
palmolive,H413 Dishwashing Detergents,,,,,,,,,
pinol,H432 Multipurpose Cleaners (Cleansers),,,,,,,,,
fabuloso,H432 Multipurpose Cleaners (Cleansers),,,,,,,,,
clr,H432 Multipurpose Cleaners (Cleansers),,,,,,,,,
sos,H432 Multipurpose Cleaners (Cleansers),,,,,,,,,
liftmaster,H625 Security & Fire Safety Systems,,,,,,,,,
cobra,H625 Security & Fire Safety Systems,,,,,,,,,
bosch,H625 Security & Fire Safety Systems,,,,,,,,,
garrett,H625 Security & Fire Safety Systems,,,,,,,,,
emed,H625 Security & Fire Safety Systems,,,,,,,,,
toc,H625 Security & Fire Safety Systems,,,,,,,,,
rauckman,H625 Security & Fire Safety Systems,,,,,,,,,
hid,H625 Security & Fire Safety Systems,,,,,,,,,
pilz,H625 Security & Fire Safety Systems,,,,,,,,,
paragon,H625 Security & Fire Safety Systems,,,,,,,,,
taser,H625 Security & Fire Safety Systems,,,,,,,,,
edwards,H625 Security & Fire Safety Systems,,,,,,,,,
mcdermott,H625 Security & Fire Safety Systems,,,,,,,,,
bullard,H625 Security & Fire Safety Systems,,,,,,,,,
rutherford,H625 Security & Fire Safety Systems,,,,,,,,,
globe,H625 Security & Fire Safety Systems,,,,,,,,,
salto,H625 Security & Fire Safety Systems,,,,,,,,,
philips,H625 Security & Fire Safety Systems,,,,,,,,,
swann,H625 Security & Fire Safety Systems,,,,,,,,,
sectra,H625 Security & Fire Safety Systems,,,,,,,,,
consilium,H625 Security & Fire Safety Systems,,,,,,,,,
senstar,H625 Security & Fire Safety Systems,,,,,,,,,
impacto,H625 Security & Fire Safety Systems,,,,,,,,,
onity,H625 Security & Fire Safety Systems,,,,,,,,,
vicon,H625 Security & Fire Safety Systems,,,,,,,,,
northstar,H625 Security & Fire Safety Systems,,,,,,,,,
fireking,H625 Security & Fire Safety Systems,,,,,,,,,
secugen,H625 Security & Fire Safety Systems,,,,,,,,,
honeywell,H625 Security & Fire Safety Systems,,,,,,,,,
canary,H625 Security & Fire Safety Systems,,,,,,,,,
airgas,H625 Security & Fire Safety Systems,,,,,,,,,
sensormatic,H625 Security & Fire Safety Systems,,,,,,,,,
interlogix,H625 Security & Fire Safety Systems,,,,,,,,,
triconex,H625 Security & Fire Safety Systems,,,,,,,,,
telguard,H625 Security & Fire Safety Systems,,,,,,,,,
adt,H625 Security & Fire Safety Systems,,,,,,,,,
panduit,H625 Security & Fire Safety Systems,,,,,,,,,
simplexgrinnell,H625 Security & Fire Safety Systems,,,,,,,,,
msa,H625 Security & Fire Safety Systems,,,,,,,,,
rockwool,H625 Security & Fire Safety Systems,,,,,,,,,
hanwha,H625 Security & Fire Safety Systems,,,,,,,,,
sdc,H625 Security & Fire Safety Systems,,,,,,,,,
kidde,H625 Security & Fire Safety Systems,,,,,,,,,
tncs,H625 Security & Fire Safety Systems,,,,,,,,,
vivint,H625 Security & Fire Safety Systems,,,,,,,,,
telaid,H625 Security & Fire Safety Systems,,,,,,,,,
rki,H625 Security & Fire Safety Systems,,,,,,,,,
schlage,H625 Security & Fire Safety Systems,,,,,,,,,
pmi,H625 Security & Fire Safety Systems,,,,,,,,,
simplisafe,H625 Security & Fire Safety Systems,,,,,,,,,
keyper,H625 Security & Fire Safety Systems,,,,,,,,,
omnia,H625 Security & Fire Safety Systems,,,,,,,,,
rapiscan,H625 Security & Fire Safety Systems,,,,,,,,,
lifeshield,H625 Security & Fire Safety Systems,,,,,,,,,
trinity,H625 Security & Fire Safety Systems,,,,,,,,,
aperio,H625 Security & Fire Safety Systems,,,,,,,,,
california,H625 Security & Fire Safety Systems,,,,,,,,,
lutron,H625 Security & Fire Safety Systems,,,,,,,,,
firefly,H625 Security & Fire Safety Systems,,,,,,,,,
dahua,H625 Security & Fire Safety Systems,,,,,,,,,
qmi,H625 Security & Fire Safety Systems,,,,,,,,,
arlo,H625 Security & Fire Safety Systems,,,,,,,,,
kwikset,H625 Security & Fire Safety Systems,,,,,,,,,
ansul,H625 Security & Fire Safety Systems,,,,,,,,,
bilco,H625 Security & Fire Safety Systems,,,,,,,,,
hive,H625 Security & Fire Safety Systems,,,,,,,,,
detex,H625 Security & Fire Safety Systems,,,,,,,,,
drager,H625 Security & Fire Safety Systems,,,,,,,,,
ripple,H625 Security & Fire Safety Systems,,,,,,,,,
alula,H625 Security & Fire Safety Systems,,,,,,,,,
bullex,H625 Security & Fire Safety Systems,,,,,,,,,
pdt,H625 Security & Fire Safety Systems,,,,,,,,,
holmatro,H625 Security & Fire Safety Systems,,,,,,,,,
rexing,H625 Security & Fire Safety Systems,,,,,,,,,
dsx,H625 Security & Fire Safety Systems,,,,,,,,,
angee,H625 Security & Fire Safety Systems,,,,,,,,,
daymark,H625 Security & Fire Safety Systems,,,,,,,,,
whistler,H625 Security & Fire Safety Systems,,,,,,,,,
iris,H625 Security & Fire Safety Systems,,,,,,,,,
comex,H631 Paint,,,,,,,,,
lanco,H631 Paint,,,,,,,,,
dap,H631 Paint,,,,,,,,,
berel,H631 Paint,,,,,,,,,
osel,H631 Paint,,,,,,,,,
valspar,H631 Paint,,,,,,,,,
ideapaint,H631 Paint,,,,,,,,,
behr,H631 Paint,,,,,,,,,
glidden,H631 Paint,,,,,,,,,
jayco,"T139 Vehicles, Sales & Leasing: Comb Copy&NEC",,,,,,,,,
featherlite,"T139 Vehicles, Sales & Leasing: Comb Copy&NEC",,,,,,,,,
dutchmen,"T139 Vehicles, Sales & Leasing: Comb Copy&NEC",,,,,,,,,
norris,"T139 Vehicles, Sales & Leasing: Comb Copy&NEC",,,,,,,,,
novatech,"T139 Vehicles, Sales & Leasing: Comb Copy&NEC",,,,,,,,,
airstream,"T139 Vehicles, Sales & Leasing: Comb Copy&NEC",,,,,,,,,
cm,"T139 Vehicles, Sales & Leasing: Comb Copy&NEC",,,,,,,,,
manac,"T139 Vehicles, Sales & Leasing: Comb Copy&NEC",,,,,,,,,
maurer,"T139 Vehicles, Sales & Leasing: Comb Copy&NEC",,,,,,,,,
tiffin,"T139 Vehicles, Sales & Leasing: Comb Copy&NEC",,,,,,,,,
winnebago,"T139 Vehicles, Sales & Leasing: Comb Copy&NEC",,,,,,,,,
newmar,"T139 Vehicles, Sales & Leasing: Comb Copy&NEC",,,,,,,,,
stoughton,"T139 Vehicles, Sales & Leasing: Comb Copy&NEC",,,,,,,,,
hillsboro,"T139 Vehicles, Sales & Leasing: Comb Copy&NEC",,,,,,,,,
fahrenheit,T141 Automotive Batteries,,,,,,,,,
duralast,T141 Automotive Batteries,,,,,,,,,
optima,T141 Automotive Batteries,,,,,,,,,
blount,T412 Cruise Ship Travel,,,,,,,,,
merengue,T412 Cruise Ship Travel,,,,,,,,,
flagship,T412 Cruise Ship Travel,,,,,,,,,
atlantis,T412 Cruise Ship Travel,,,,,,,,,
oceanic,T412 Cruise Ship Travel,,,,,,,,,
silversea,T412 Cruise Ship Travel,,,,,,,,,
argosy,T412 Cruise Ship Travel,,,,,,,,,
caribbean,T412 Cruise Ship Travel,,,,,,,,,
tauck,T412 Cruise Ship Travel,,,,,,,,,
riverview,T412 Cruise Ship Travel,,,,,,,,,
windstar,T412 Cruise Ship Travel,,,,,,,,,
oceania,T412 Cruise Ship Travel,,,,,,,,,
searcher,T412 Cruise Ship Travel,,,,,,,,,
seabourn,T412 Cruise Ship Travel,,,,,,,,,
aida,T412 Cruise Ship Travel,,,,,,,,,
cunard,T412 Cruise Ship Travel,,,,,,,,,
aquafest,T412 Cruise Ship Travel,,,,,,,,,
electra,T412 Cruise Ship Travel,,,,,,,,,
twilight,T412 Cruise Ship Travel,,,,,,,,,
vistajet,T421 Travel Services,,,,,,,,,
alitalia,T421 Travel Services,,,,,,,,,
umbria,T421 Travel Services,,,,,,,,,
espresso,T421 Travel Services,,,,,,,,,
travelworld,T421 Travel Services,,,,,,,,,
disneyland,"T440 Amusement, Water & Theme Parks",,,,,,,,,
legoland,"T440 Amusement, Water & Theme Parks",,,,,,,,,
priv,V131 Beauty Shops,,,,,,,,,
spa,V131 Beauty Shops,,,,,,,,,
microgame,V363 Toy Stores,,,,,,,,,
gamestop,V363 Toy Stores,,,,,,,,,
mauisails,V365 Sporting Goods Stores,,,,,,,,,
bikeradar,V365 Sporting Goods Stores,,,,,,,,,
syracuse,V365 Sporting Goods Stores,,,,,,,,,
ruger,V365 Sporting Goods Stores,,,,,,,,,
mahoneys,V365 Sporting Goods Stores,,,,,,,,,
